invID,resID
14905,381054
14905,374388
14923,482214
14923,445266
14923,445361
14923,418257
14923,386693
14923,339907
14954,519788
14954,444341
14954,345481
14975,327343
14975,445124
14975,559456
14975,456061
14995,445316
14995,444226
14995,345452
14999,427855
14999,362943
14999,362946
14999,324079
14999,445699
14999,354188
14999,354189
14999,339686
14999,519816
14999,482022
14999,444362
14999,426369
14999,345434
14999,319305
14999,339691
15001,412371
15001,445734
15001,444123
15013,445692
15013,552544
15013,496342
15013,455966
15013,445250
15013,387127
15021,445158
15021,444298
15021,427974
15024,393784
15024,364597
15024,325032
15024,325033
15024,393789
15024,325036
15024,325037
15024,519784
15024,339898
15026,445765
15089,559563
15089,418281
15089,349960
15089,349956
15106,372989
15106,559503
15106,445167
15106,445268
15149,348223
15149,445111
15149,495565
15149,495564
15149,426458
15149,386559
15149,374395
15183,427310
15183,526026
15183,526027
15183,388841
15183,445782
15183,427728
15183,559562
15183,482457
15186,387576
15194,353045
15206,445253
15206,426358
15206,374389
15213,423891
15213,420426
15213,349078
15213,349079
15213,480628
15213,427536
15213,389438
15213,347946
15213,553064
15213,553347
15213,534465
15213,519637
15213,519660
15213,482715
15213,444176
15213,444055
15213,444050
15213,374428
15213,345425
15225,320217
15225,493529
15225,482162
15233,527642
15233,519632
15233,319243
15238,456858
15238,456865
15238,458942
15238,365128
15238,389865
15238,389846
15238,389852
15238,553343
15238,519778
15238,519670
15238,444051
15238,374391
15238,374480
15238,359129
15262,445324
15284,559433
15284,482166
15290,445274
15290,374460
15291,496961
15291,496958
15291,496963
15291,456378
15291,456377
15291,456375
15291,456376
15291,420874
15291,420873
15291,383328
15291,383344
15291,333168
15291,321268
15291,321263
15291,559570
15291,553348
15291,519576
15291,482626
15291,444423
15291,381621
15291,339974
15292,519791
15292,456143
15292,444161
15292,345426
15317,202446
15317,444338
15317,359240
15319,462019
15319,445118
15319,321799
15319,559569
15319,534597
15319,534425
15319,495897
15319,495890
15319,487709
15319,482021
15319,456158
15319,445308
15319,424087
15319,389902
15319,319307
15319,339902
15341,482507
15355,445767
15355,559385
15355,519562
15355,482482
15355,456440
15355,386581
15355,386548
15355,346901
15355,346910
15355,346924
15355,345428
15356,421517
15356,421518
15356,421519
15356,479758
15356,559470
15356,559530
15356,559464
15356,552570
15356,496537
15356,487694
15356,482719
15356,426625
15356,382412
15356,382414
15356,339970
15356,324065
15356,324066
15360,444302
15360,386698
15363,350235
15363,445700
15363,445059
15363,445109
15363,422272
15363,445060
15363,553354
15363,534457
15363,444313
15363,345480
15363,345461
15367,426732
15371,321754
15371,321719
15371,552546
15371,534444
15371,519843
15371,482153
15371,482156
15373,444300
15373,426475
15374,386972
15374,320513
15374,445782
15374,444126
15374,444117
15374,386675
15374,374401
15376,390098
15376,559390
15376,559413
15376,552566
15376,552569
15376,444212
15380,458942
15380,389865
15380,389846
15380,389852
15380,559443
15380,444051
15380,374480
15385,456600
15385,417502
15388,440770
15388,385451
15388,349845
15388,495451
15388,477336
15388,385450
15388,550996
15388,456148
15388,418274
15401,534541
15445,457618
15445,457619
15445,444277
15445,444276
15445,427710
15445,427711
15445,344266
15445,344265
15445,445318
15445,339932
15456,427571
15456,477340
15456,445688
15456,559515
15456,552561
15456,552704
15456,519780
15456,496317
15456,482485
15456,477076
15456,444116
15456,441334
15456,426448
15456,386649
15456,339956
15456,345406
15456,339964
15456,327167
15457,534478
15457,426309
15460,445687
15460,327343
15460,326393
15460,445124
15460,496340
15461,421332
15461,440632
15461,386525
15461,319286
15461,440631
15463,389033
15463,426458
15463,386559
15463,339905
15463,319284
15463,339894
15466,559502
15466,552899
15466,426621
15466,426372
15468,415377
15468,519661
15468,482714
15468,444301
15525,490480
15525,490483
15525,490482
15525,477332
15525,559497
15525,535861
15525,374485
15543,445699
15543,519826
15543,519816
15543,482022
15543,455492
15543,444362
15543,426369
15543,345434
15543,339691
15548,530404
15548,530403
15548,428273
15548,388883
15548,559460
15548,534528
15548,482491
15548,440826
15548,386541
15553,457418
15553,386229
15553,456032
15553,444312
15553,426385
15553,426607
15609,491293
15609,480652
15609,455667
15609,455664
15609,455665
15609,455666
15609,455668
15609,444134
15616,496728
15616,421294
15616,421291
15616,389233
15616,482667
15616,445319
15616,455757
15616,456138
15616,444386
15616,354713
15622,559389
15622,553282
15622,552902
15622,534608
15622,487716
15622,482160
15622,444398
15622,346917
15622,345502
15622,339926
15625,457547
15625,421619
15625,406243
15625,534450
15625,534462
15625,339928
15631,324305
15631,519790
15631,339971
15633,498044
15636,496274
15636,482261
15636,444319
15636,444307
15636,384698
15636,386514
15636,386586
15639,519539
15639,345492
15639,319292
15641,416703
15641,478597
15641,416707
15641,325101
15641,354210
15641,340010
15641,326475
15641,553060
15641,534448
15641,534529
15641,534553
15641,534560
15641,496328
15641,482487
15641,445300
15641,426743
15641,426634
15641,426737
15641,426616
15641,386580
15641,386470
15641,374407
15641,339973
15641,346931
15641,360787
15641,339918
15641,339921
15645,384500
15645,384499
15645,384501
15645,534477
15645,482154
15654,442679
15654,426820
15654,385456
15663,547738
15663,409091
15663,421280
15663,371192
15663,371193
15663,371191
15663,547741
15663,547740
15663,547739
15663,547835
15663,519806
15681,556832
15681,556830
15681,496920
15681,489728
15681,496919
15681,456082
15681,428752
15681,386576
15681,386575
15681,348149
15681,348148
15681,322485
15681,489729
15681,389712
15681,389711
15681,348152
15681,348151
15681,322486
15720,421181
15720,519661
15720,482714
15720,445230
15720,386510
15755,489955
15755,489951
15755,489950
15755,489949
15755,489948
15755,559527
15755,455580
15770,456724
15770,324011
15783,345504
15783,319268
15831,432585
15831,458937
15831,477550
15831,428975
15831,458934
15831,444152
15831,428974
15831,479633
15831,559404
15831,424260
15871,559500
15871,552901
15871,445224
15871,345445
15872,495501
15872,495502
15872,495500
15872,491103
15872,456041
15872,456040
15872,456043
15872,456038
15872,456039
15872,456036
15872,421582
15872,421581
15872,388492
15872,388496
15875,380961
15875,348835
15875,380960
15875,348838
15875,348837
15875,348836
15875,552559
15875,455779
15875,455631
15875,444158
15875,426363
15875,426736
15875,380903
15875,374421
15875,345453
15875,345494
15877,457588
15877,457586
15877,443680
15877,443681
15877,443679
15877,534536
15877,482347
15877,426606
15877,418262
15877,386512
15877,374517
15877,374582
15877,374445
15877,345444
15877,339957
15878,390573
15878,390577
15878,390605
15878,390568
15878,390621
15878,390603
15878,390582
15878,559484
15878,534567
15878,519636
15878,482718
15878,426451
15878,426746
15878,374425
15878,345446
15904,388472
15904,455639
15904,444401
15904,386557
15904,346925
15905,534533
15905,445299
15905,389890
15905,386624
15905,386527
15959,496659
15959,421717
15959,389262
15959,418295
15966,523733
15966,457091
15966,428083
15966,421334
15966,421335
15966,421336
15966,388223
15966,487675
15989,389028
15989,495451
15989,477336
15989,458940
15989,445112
15989,552893
15989,550996
15989,534456
15989,519794
15989,482618
15989,445178
15989,456159
15989,444182
15989,440641
15989,426733
15989,386669
15989,345422
15989,319224
16012,559486
16012,445332
16012,444346
16012,346906
16019,559396
16019,559405
16019,559395
16019,559397
16019,552917
16019,534607
16019,534437
16019,534483
16019,482376
16019,445249
16019,444177
16019,444162
16019,426480
16019,339901
16044,506651
16044,389329
16044,322628
16044,552890
16044,553286
16044,534425
16044,519827
16044,487709
16044,482091
16044,445296
16044,444399
16044,426355
16044,386658
16044,374469
16044,339955
16053,426834
16053,421223
16053,421218
16053,421234
16053,388333
16053,388557
16053,388554
16053,388555
16053,534634
16053,534461
16053,534447
16053,519537
16053,495645
16053,443512
16053,426375
16053,426461
16053,386544
16053,380792
16053,380794
16053,443514
16053,345430
16053,339885
16057,421568
16057,421569
16057,534543
16057,339900
16075,413970
16075,534504
16075,559416
16075,552855
16075,534646
16075,495953
16075,445218
16080,559414
16080,345392
16082,458942
16082,346909
16096,374403
16101,374412
16117,324305
16117,559491
16117,552726
16117,496418
16117,487713
16117,445309
16117,444183
16117,386528
16122,534637
16122,444427
16122,444120
16123,363509
16123,363511
16123,363508
16123,363510
16123,374414
16123,363517
16123,339919
16150,488305
16150,488306
16150,488307
16150,477338
16166,444298
16166,386579
16166,386577
16176,523808
16176,497881
16176,497882
16176,497884
16176,497886
16176,497883
16176,455996
16176,428741
16176,455597
16176,444345
16176,386685
16182,390040
16182,390037
16184,553860
16184,385457
16184,385466
16184,347554
16184,321110
16184,321114
16184,420258
16184,345416
16189,406297
16189,389475
16189,389473
16189,389482
16189,389487
16189,389480
16189,519787
16189,482341
16189,457329
16189,455848
16189,456229
16189,444042
16189,443919
16189,426357
16189,374386
16189,345440
16189,345470
16189,349616
16189,339932
16223,559434
16223,559408
16229,526372
16229,526067
16229,406158
16229,445172
16248,389275
16248,388577
16248,389276
16248,348480
16248,348479
16248,326930
16248,427536
16248,445120
16248,445114
16248,427627
16248,559520
16248,552895
16248,426727
16248,345427
16254,388226
16254,351567
16257,559409
16257,552571
16257,534445
16257,534652
16257,487704
16257,444214
16257,426307
16257,418200
16257,352318
16271,388359
16271,388355
16271,559399
16271,534645
16287,412371
16287,445723
16287,445722
16287,445734
16287,552553
16287,445307
16287,456029
16287,444123
16287,339978
16297,385612
16297,385621
16297,385616
16297,495934
16297,444398
16297,374484
16306,457094
16306,445166
16306,386650
16306,345421
16307,559403
16307,559415
16307,559410
16307,552857
16307,552919
16307,534609
16307,519831
16307,482380
16307,455696
16307,445175
16307,445217
16307,455735
16307,426486
16307,374399
16307,374466
16312,406227
16312,496281
16312,482349
16312,445277
16319,534643
16319,444049
16321,555714
16321,384867
16321,482503
16329,534500
16329,519640
16329,455400
16329,455729
16329,386631
16329,386510
16329,374444
16329,374440
16329,374447
16329,374403
16334,526026
16334,348841
16334,348840
16334,526027
16334,348842
16334,445801
16334,534442
16334,534559
16334,474734
16334,455779
16334,374421
16379,534543
16379,445219
16394,456180
16394,402895
16394,373243
16394,373242
16394,559500
16394,553281
16394,553386
16394,552901
16394,519821
16394,495652
16394,455260
16394,445224
16394,444388
16394,345445
16394,339730
16398,482347
16398,445311
16398,339957
16431,479632
16431,534600
16431,445169
16431,445354
16431,426469
16431,386508
16431,319255
16432,426371
16435,444510
16435,419504
16435,482343
16435,445156
16435,445292
16435,418268
16435,349616
16435,339908
16436,427825
16436,445303
16436,455794
16436,386516
16436,386530
16451,523158
16451,498029
16451,455553
16451,363753
16451,363757
16451,363759
16451,482624
16451,482627
16451,482628
16451,444354
16451,386617
16451,386613
16451,389296
16451,348511
16451,339922
16451,339911
16468,553280
16468,455640
16468,444351
16468,374481
16474,498041
16474,389316
16474,374382
16474,339910
16511,482525
16511,319321
16515,496813
16515,496806
16515,496816
16515,496803
16515,496810
16515,496814
16515,496799
16515,496809
16515,496796
16515,496800
16515,496349
16515,496346
16515,455929
16515,455980
16515,455978
16515,455987
16515,455979
16515,455982
16515,455984
16515,455977
16515,455957
16515,455981
16515,455985
16515,455986
16515,455983
16515,455928
16515,455927
16515,428650
16515,428652
16515,428653
16515,428649
16515,428654
16515,428651
16515,428648
16515,428645
16515,428646
16515,419306
16515,419305
16515,321602
16515,523807
16515,456737
16515,456739
16515,456745
16515,456742
16515,456744
16515,456741
16515,456738
16515,456736
16515,456735
16515,419467
16515,419468
16515,419465
16515,419466
16515,348990
16515,348994
16515,363761
16515,348993
16515,419464
16515,348983
16515,348982
16515,363680
16515,419463
16515,553285
16515,519571
16515,496351
16515,455847
16548,482254
16578,456478
16578,456493
16578,456489
16578,456487
16578,456526
16578,456481
16578,456522
16578,456491
16578,456490
16578,456497
16578,456475
16578,456479
16578,456485
16578,456477
16578,456513
16578,456523
16578,456480
16578,456488
16578,456494
16578,456486
16578,456474
16578,456482
16578,456484
16578,456496
16578,456495
16578,456528
16578,456531
16578,456525
16578,456527
16578,456524
16578,456472
16578,456473
16578,456360
16578,456502
16578,456501
16578,456504
16578,456519
16578,456503
16578,456520
16578,456498
16578,456509
16578,456506
16578,456518
16578,456517
16578,456499
16578,427823
16578,427822
16578,421377
16578,427820
16578,388368
16578,456530
16578,482461
16578,445168
16578,345501
16606,389898
16606,392664
16606,326916
16606,477341
16606,392672
16606,392673
16606,392671
16606,534499
16606,534501
16606,493413
16606,482708
16606,455780
16606,445314
16606,455750
16606,444343
16626,548883
16626,548882
16626,534631
16626,534472
16626,495950
16626,482189
16626,445167
16626,445268
16626,444390
16626,426463
16626,426601
16635,524114
16635,524115
16635,444152
16635,417376
16635,479633
16635,482511
16635,386665
16635,339960
16637,417165
16637,482708
16637,445194
16637,444377
16637,360338
16637,346926
16637,346904
16638,388844
16638,477567
16638,559524
16638,519667
16638,445252
16638,444224
16638,386556
16638,374402
16638,345454
16646,498032
16646,445335
16648,427886
16648,355184
16648,355181
16648,559538
16648,445180
16648,426490
16648,339927
16660,457055
16660,457054
16660,421633
16660,371764
16660,346761
16660,352638
16660,352191
16660,328163
16660,482183
16660,445216
16660,445184
16688,519563
16688,482451
16688,386688
16688,345417
16688,339958
16735,519784
16754,443103
16754,443102
16754,442903
16754,427724
16754,521443
16754,481848
16754,487591
16754,487590
16754,445720
16754,389870
16754,427731
16754,559431
16754,519564
16754,443129
16776,522889
16776,490788
16776,457011
16776,374524
16776,374525
16776,374526
16776,387693
16776,346929
16776,322106
16779,345399
16781,491008
16781,491006
16781,482310
16781,320508
16781,421456
16787,386509
16787,386622
16790,534641
16790,491130
16790,456203
16790,456204
16790,437179
16790,421575
16790,385982
16790,388556
16790,388559
16790,362574
16790,365684
16790,534439
16790,482441
16790,386689
16790,386288
16790,346925
16790,319271
16802,445801
16802,534805
16802,482453
16802,444209
16802,386635
16802,374455
16839,432817
16839,388605
16839,388604
16839,559426
16839,487696
16839,339980
16840,552557
16840,534467
16845,517288
16845,387700
16845,413836
16845,412371
16845,445723
16845,445722
16845,445734
16845,534430
16845,374383
16849,490945
16849,349185
16849,487589
16849,487588
16849,445767
16849,445340
16849,386548
16849,386581
16849,386663
16849,346901
16849,346910
16849,346924
16867,455491
16867,427216
16867,440789
16867,389027
16867,389026
16867,350349
16867,519795
16867,482619
16867,482621
16867,455438
16867,444122
16867,319265
16908,496653
16908,496654
16908,496651
16908,421722
16908,421723
16908,389106
16908,389105
16908,348442
16908,348440
16908,348438
16908,322028
16908,322022
16908,421724
16908,421725
16908,421726
16908,389110
16908,389112
16908,389109
16908,389107
16908,552860
16908,519534
16908,418267
16908,374458
16920,412371
16920,388035
16920,559844
16920,559909
16920,476968
16920,476967
16920,445723
16920,445722
16920,445734
16920,553385
16920,519559
16920,496310
16920,455948
16920,445307
16920,456029
16920,444359
16920,386555
16920,374383
16920,345451
16920,345450
16920,425566
16920,345478
16920,339978
16921,444166
16921,374433
16921,374378
16921,339897
16927,386972
16927,320513
16927,445782
16927,559540
16927,534464
16927,519569
16927,455579
16927,455601
16927,444157
16927,345479
16927,367286
16927,319288
16932,477550
16932,444152
16932,428974
16932,479633
16932,444128
16932,339915
16935,387582
16935,319314
16991,481107
16991,421378
16991,481103
16991,349494
16991,323756
16991,481110
16991,481102
16991,388328
16991,481105
16991,481106
16991,349495
16991,481108
16991,445752
16991,388617
16991,443810
16997,445108
16997,445146
16997,445147
16997,445121
16997,445123
16997,534644
16997,496534
16997,487700
16997,386507
16997,374406
16999,387593
16999,387590
16999,387591
16999,387594
16999,387595
16999,349806
16999,349807
16999,482439
16999,482437
16999,445192
16999,445190
16999,386686
17001,455470
17001,455469
17001,351511
17008,456646
17008,496416
17008,386640
17020,417144
17020,495451
17020,534456
17020,482629
17020,426459
17051,389903
17051,440942
17051,559514
17051,482707
17051,444355
17051,444219
17052,523730
17052,523731
17052,490465
17052,490464
17052,490468
17052,490463
17052,490462
17052,421257
17052,387495
17052,387494
17052,405802
17052,347710
17052,371702
17052,322132
17052,322133
17052,322131
17052,322139
17052,322134
17052,349494
17052,490469
17052,490470
17052,456202
17052,456199
17052,456201
17052,387500
17052,387498
17052,559417
17052,559436
17052,552921
17052,552562
17052,482127
17052,445213
17052,426461
17052,386524
17052,345496
17052,345469
17052,346903
17052,339887
17052,319314
17054,491943
17054,455540
17054,428415
17054,420876
17054,455539
17054,482625
17054,381621
17054,346920
17054,339974
17059,496237
17059,519544
17059,482311
17059,345503
17059,345457
17084,548297
17084,464442
17084,422802
17102,386515
17113,421223
17113,421234
17113,388333
17113,371704
17113,371702
17113,444426
17113,345477
17137,389683
17181,445626
17181,439151
17181,422579
17181,422576
17181,422582
17181,422581
17181,422575
17181,547331
17181,534545
17181,442647
17181,442667
17181,346927
17181,339980
17195,347652
17195,374411
17204,477351
17204,445706
17204,534551
17204,519666
17204,496333
17204,319312
17205,477332
17205,487589
17205,487588
17205,445767
17205,519783
17205,487710
17205,445202
17205,386552
17205,319278
17212,534660
17212,534475
17212,444295
17212,346919
17260,348232
17260,445114
17260,319236
17270,523226
17270,523227
17270,497879
17270,497878
17270,497877
17270,456113
17270,456115
17270,456112
17270,456114
17270,456116
17270,428768
17270,428770
17270,428769
17270,389720
17270,389718
17270,350358
17270,350356
17270,350355
17270,523228
17270,456117
17270,456118
17270,428772
17270,428771
17270,389719
17270,389723
17270,350363
17270,350365
17270,350362
17270,350360
17270,335787
17270,559471
17270,559474
17270,519573
17270,487705
17270,482623
17270,455638
17270,426452
17270,426453
17270,374416
17270,374417
17271,521329
17271,458954
17271,458948
17271,445689
17271,350521
17271,202446
17271,521443
17271,481848
17271,388841
17271,559400
17271,548921
17271,455961
17271,444310
17271,444350
17271,374449
17271,374450
17271,359243
17271,359240
17272,445118
17272,350213
17272,321799
17272,363359
17272,362952
17272,519815
17272,519814
17272,519819
17272,482021
17272,456158
17272,445308
17272,426635
17272,424087
17272,426623
17272,426301
17272,386523
17272,371207
17272,339975
17272,339902
17272,319307
17274,427079
17274,386972
17274,320513
17274,455393
17274,445782
17274,534805
17274,534464
17274,519569
17274,482450
17274,482453
17274,455579
17274,455601
17274,444157
17274,444206
17274,444126
17274,444117
17274,386635
17274,374401
17274,319288
17277,552719
17277,519622
17277,339924
17279,491124
17279,427550
17279,324181
17279,426447
17279,386591
17279,386563
17315,477340
17315,445688
17315,559442
17315,519780
17315,519781
17315,496326
17315,482484
17315,482485
17315,477076
17315,441334
17315,444116
17315,426448
17315,386649
17315,345406
17315,339964
17315,339956
17315,327167
17319,457477
17319,457476
17319,420898
17319,339187
17319,338454
17319,457479
17319,457478
17319,482161
17319,482159
17319,445270
17319,374462
17319,345412
17357,348570
17357,345491
17379,387506
17379,319242
17382,457754
17382,457753
17382,457752
17382,389361
17382,389358
17382,519583
17382,496290
17382,487717
17382,456057
17447,359362
17447,519623
17457,421381
17480,456478
17480,456493
17480,456489
17480,456487
17480,456526
17480,456481
17480,456522
17480,456491
17480,456490
17480,456497
17480,456475
17480,456479
17480,456485
17480,456472
17480,456477
17480,456513
17480,456523
17480,456480
17480,456473
17480,456488
17480,456494
17480,456486
17480,456474
17480,456482
17480,456484
17480,456496
17480,456495
17480,456528
17480,456531
17480,456525
17480,456527
17480,456524
17480,456502
17480,456501
17480,456504
17480,456519
17480,456503
17480,456520
17480,456498
17480,456509
17480,456506
17480,456518
17480,456517
17480,456499
17480,324033
17480,456530
17480,349494
17480,445751
17480,445757
17480,552706
17480,445168
17480,386663
17480,345501
17484,457418
17484,477827
17484,477779
17484,426385
17484,319253
17484,386278
17509,457766
17509,457759
17509,559439
17509,552705
17509,445260
17509,426614
17512,390046
17512,456062
17513,519578
17530,552863
17530,455633
17530,426449
17530,426626
17530,426368
17530,348217
17536,348012
17536,348011
17536,418267
17536,374483
17536,374423
17538,444061
17538,426596
17538,386677
17538,348217
17538,345475
17538,345472
17538,344323
17539,334785
17539,495952
17539,482215
17539,482251
17539,445315
17539,444308
17539,444120
17539,426917
17559,409842
17567,355237
17576,350846
17576,322865
17576,420444
17576,322476
17576,559388
17576,426454
17610,479632
17610,534446
17610,495654
17610,426484
17610,386618
17610,374404
17615,457418
17615,415064
17615,386229
17615,457419
17615,351503
17615,362953
17615,351973
17615,326351
17615,534606
17615,519818
17615,495653
17615,456032
17615,444378
17615,477779
17615,444312
17615,319253
17615,386278
17616,406227
17616,496281
17616,482349
17616,455961
17653,559488
17653,445158
17653,426379
17680,490990
17680,559447
17680,519829
17680,519830
17680,426378
17680,345429
17689,455632
17689,420984
17689,325585
17700,456059
17700,456060
17700,456052
17700,456051
17700,456053
17700,456054
17700,456055
17700,456056
17700,421160
17700,421159
17700,325671
17700,325672
17700,325675
17700,519575
17750,420574
17750,388852
17750,445165
17750,374457
17780,559401
17780,519591
17780,445193
17780,445361
17780,374426
17780,345439
17780,345391
17780,339912
17780,339930
17787,456677
17787,456679
17787,389598
17787,523225
17787,389600
17787,444352
17787,348876
17787,339961
17792,458161
17792,477338
17792,559457
17792,482710
17792,482709
17792,339923
17810,559526
17810,559554
17810,534447
17810,519782
17810,496322
17810,487711
17810,482486
17810,455956
17810,455963
17810,456030
17810,445293
17810,444231
17810,444384
17810,426761
17810,426483
17810,426283
17810,386513
17810,374435
17814,523211
17814,457243
17814,457247
17814,457248
17814,457252
17814,457246
17814,457249
17814,438990
17814,389995
17814,363376
17814,324594
17814,457234
17814,439012
17814,363380
17814,363381
17814,363038
17814,363037
17814,324614
17814,324603
17814,324615
17814,551190
17814,551189
17814,519820
17814,519824
17814,482025
17814,445188
17814,456132
17814,374439
17814,374436
17841,444303
17843,457757
17843,457758
17843,389831
17843,389805
17843,389828
17843,519585
17843,487708
17843,482370
17843,327005
17844,482488
17844,445182
17844,456030
17844,444231
17844,444384
17844,386513
17855,389828
17855,519579
17855,496288
17855,496279
17855,456160
17855,374409
17855,355137
17855,327005
17863,389900
17863,534498
17863,487698
17863,482711
17863,319295
17897,496336
17897,445203
17897,444119
17908,327390
17919,351511
17919,426387
17929,479298
17929,428051
17929,458954
17929,438694
17929,350521
17929,427723
17929,427724
17929,559848
17929,559846
17929,559843
17929,521443
17929,481848
17929,487591
17929,487590
17929,389870
17929,388841
17929,427731
17929,445782
17929,427728
17929,559445
17929,559533
17929,552562
17929,426464
17929,345423
17929,427386
17929,339887
17929,319231
17933,457552
17933,457554
17933,457557
17933,457541
17933,457542
17933,407645
17933,445686
17933,445705
17933,323895
17933,323910
17933,559450
17933,552714
17933,444338
17933,444349
17933,374415
17933,374396
17933,397509
17933,397505
17933,319273
17933,397502
17966,445272
17966,339913
17970,454340
17970,534651
17974,389755
17974,444223
17974,386687
17975,488198
17975,559402
17975,345437
17975,488211
17981,445613
17981,425909
17981,534650
17981,519594
17981,482215
17990,456467
17990,427887
17990,355182
17990,355183
17990,559406
17990,552556
17990,445211
17990,444175
17990,426353
17990,426490
17990,339962
17997,552859
17997,482207
17997,482192
17997,386650
18008,357238
18018,559435
18018,534550
18018,534436
18018,534460
18018,445186
18018,444213
18018,444317
18018,426460
18026,534684
18035,422765
18035,482190
18035,445306
18042,560560
18042,560559
18042,560558
18042,455325
18042,455308
18042,455310
18042,455309
18042,455311
18042,455322
18042,455324
18042,455347
18042,455346
18042,455323
18042,353038
18042,534434
18058,390053
18058,319229
18064,325488
18064,519587
18064,519589
18064,325493
18065,549688
18065,353133
18065,323868
18066,351792
18066,321132
18066,386659
18066,386692
18066,386660
18067,444303
18067,426476
18070,444115
18071,444118
18077,457261
18077,457260
18077,363377
18077,551190
18077,456132
18114,497970
18114,455971
18114,428573
18114,363678
18114,559561
18114,553278
18128,519590
18128,445361
18133,444113
18136,523112
18136,490683
18136,490682
18136,463787
18136,463786
18136,463785
18136,420842
18136,406229
18136,385093
18136,351995
18136,445337
18136,339893
18149,559393
18166,534600
18166,519825
18166,495931
18166,445169
18166,426469
18166,339966
18166,319274
18168,445177
18168,374485
18176,482510
18176,426450
18177,386623
18183,326393
18183,495568
18183,426295
18183,386614
18225,524013
18225,495997
18225,456194
18225,352290
18225,352291
18225,352289
18225,519620
18225,495943
18225,487670
18225,445206
18225,445222
18225,445204
18225,426597
18249,456144
18254,413782
18254,519779
18254,482490
18254,482486
18254,426742
18254,426283
18254,426761
18254,374435
18280,350213
18280,363359
18280,552896
18280,553383
18280,482090
18280,445228
18280,319255
18280,339729
18293,445705
18293,393781
18293,534603
18293,534660
18293,482512
18293,482514
18293,455426
18293,445232
18293,444208
18293,345404
18293,337466
18314,496918
18314,490889
18314,453405
18314,453404
18314,445802
18314,519561
18314,519560
18314,482447
18314,469574
18314,426604
18314,415049
18314,374472
18314,345428
18324,490605
18324,509197
18324,490482
18324,477332
18324,559504
18324,535861
18324,371714
18324,319115
18334,374482
18348,523611
18348,523610
18348,351440
18348,351441
18348,374454
18368,421234
18368,421225
18368,421223
18368,388333
18368,534634
18372,432808
18372,421573
18372,382020
18372,408441
18372,559428
18372,534542
18372,482445
18372,319271
18373,534531
18373,456157
18373,345465
18373,426829
18401,490823
18401,456135
18401,456136
18401,421211
18401,388597
18401,352720
18401,352719
18401,553351
18401,534633
18401,482379
18401,445247
18401,444347
18401,444311
18401,426298
18401,386616
18401,374452
18401,346921
18423,492104
18423,492105
18423,482095
18423,494857
18423,492135
18448,552886
18448,552884
18448,534630
18448,519802
18448,482662
18452,429110
18452,414783
18452,387739
18452,387738
18452,387741
18452,445208
18452,445360
18452,444311
18477,352490
18477,352487
18477,338616
18477,319237
18480,492645
18480,552888
18480,519544
18480,455486
18480,426302
18480,386691
18480,345503
18527,457320
18527,445756
18527,445754
18527,445753
18527,496336
18527,426605
18527,345505
18555,443556
18555,428000
18555,350061
18555,444053
18570,359749
18570,534441
18570,496428
18582,458425
18582,387579
18582,427536
18582,347946
18582,559489
18582,519638
18582,482713
18582,444050
18583,421720
18583,421721
18583,534497
18583,482258
18583,374448
18592,445690
18592,318400
18594,534476
18594,444425
18594,426638
18594,386547
18594,345441
18594,345488
18594,417522
18594,345411
18597,490879
18597,455786
18597,324181
18597,426447
18597,386591
18597,386563
18615,444230
18615,426731
18615,426303
18615,386597
18615,374430
18615,374419
18615,339909
18621,389680
18621,552716
18621,534495
18621,519532
18621,519529
18621,455392
18621,444320
18621,426603
18621,426485
18623,479632
18623,534446
18623,495654
18623,426484
18623,386618
18623,389892
18623,374404
18624,529317
18624,388560
18624,421331
18624,421330
18624,519538
18624,487695
18624,445269
18624,456156
18624,444178
18624,444163
18624,426282
18624,386519
18624,374393
18624,345483
18624,339936
18628,482369
18628,346912
18629,523767
18629,497667
18629,497666
18629,497668
18629,497665
18629,456065
18629,456068
18629,456067
18629,456066
18629,456064
18629,390045
18629,390044
18629,339739
18629,339740
18629,325400
18629,390046
18629,339937
18629,339692
18631,552883
18631,426475
18631,374427
18680,457963
18680,386595
18684,519578
18686,457184
18686,457183
18686,457182
18686,327731
18686,426356
18686,374465
18687,421152
18687,552923
18687,534640
18687,444201
18687,444380
18687,426728
18687,386545
18687,386661
18687,345485
18687,345471
18733,382968
18733,327318
18733,487697
18733,482483
18733,445182
18733,444382
18733,426748
18738,552896
18738,519814
18738,519819
18738,519822
18738,495650
18738,482092
18738,444130
18738,426635
18738,426623
18738,386653
18738,386523
18738,339975
18740,497736
18740,455470
18740,426377
18754,455044
18754,462591
18754,463017
18754,438595
18754,462640
18754,463011
18754,462612
18754,391810
18754,426376
18754,346908
18754,339895
18758,386539
18758,386517
18758,374466
18758,319249
18786,490876
18786,427765
18786,355237
18786,355238
18786,355236
18786,559481
18786,559529
18786,386543
18786,386615
18786,386538
18786,374384
18786,345415
18786,339888
18806,388553
18826,442679
18826,445170
18826,442680
18826,385582
18828,457549
18828,519789
18828,482346
18828,444230
18828,444315
18828,374430
18830,429024
18830,429021
18830,393914
18830,393912
18830,393675
18830,392653
18830,393915
18830,393913
18830,362770
18830,393674
18830,327361
18830,327373
18858,490262
18858,456400
18858,457007
18858,387836
18858,407036
18858,387834
18858,407034
18858,482191
18870,519592
18882,359089
18882,359090
18892,496295
18892,426314
18892,386554
18901,345462
18901,345420
18916,523140
18916,388823
18916,455594
18916,374454
18922,559432
18922,559494
18922,552894
18922,519627
18922,455745
18922,445313
18922,426457
18924,492498
18924,427098
18924,392007
18924,392006
18924,444112
18924,426467
18933,346603
18933,482510
18933,426450
18949,456652
18949,350202
18949,456140
18949,426481
18949,386687
18949,345495
18949,335789
18956,534638
18956,445262
18956,345500
18973,455499
18973,406306
18973,388876
18973,388873
18973,406304
18973,349445
18973,344333
18973,345432
18973,339941
18994,348783
18994,482502
18994,482501
18994,426747
18994,386583
18994,386694
18994,374429
19023,445690
19045,519540
19079,457418
19079,519818
19079,444378
19091,347020
19091,370903
19091,559389
19091,552865
19091,455756
19091,445179
19091,445201
19091,445263
19091,445209
19091,346907
19122,359749
19122,552567
19122,534557
19122,519669
19122,444202
19122,374474
19138,440758
19138,428279
19138,388891
19138,519663
19138,441417
19138,339968
19148,519623
19152,350521
19152,445782
19152,445786
19152,432943
19152,432944
19152,432942
19152,427728
19152,559482
19152,444127
19152,444394
19152,345431
19152,345442
19152,346900
19152,350961
19199,427237
19199,348070
19199,559487
19221,418476
19221,380825
19221,380824
19221,519566
19221,492561
19221,492563
19221,374471
19221,345491
19221,339958
19232,495766
19232,484768
19232,455452
19232,444060
19232,444059
19232,427269
19232,418886
19232,519789
19232,444315
19232,444062
19232,426303
19232,426726
19287,487702
19287,482182
19287,445191
19287,444357
19287,426470
19287,374467
19287,374420
19287,339959
19287,319972
19287,319973
19313,457623
19313,455905
19313,428069
19313,420939
19313,388135
19313,357222
19313,325459
19313,552894
19313,319259
19342,438985
19342,399188
19342,559568
19342,492932
19342,482631
19342,455436
19342,339920
19343,421152
19343,552722
19343,552558
19343,552725
19343,482489
19343,345485
19373,496647
19373,374456
19388,481035
19388,482187
19417,438996
19417,442535
19417,442537
19417,442536
19417,477562
19417,442527
19417,442528
19417,416945
19417,416946
19417,445768
19417,416956
19417,417045
19417,442530
19417,372781
19417,372777
19417,372778
19417,372779
19417,416952
19417,445772
19417,559444
19417,559517
19417,559519
19417,552554
19417,552713
19417,534565
19417,534555
19417,519668
19417,445229
19417,372774
19417,372775
19417,339712
19429,418262
19431,457068
19431,421603
19431,392850
19451,381959
19451,381957
19451,519563
19451,482451
19461,519533
19461,519530
19461,482254
19461,426304
19472,521329
19472,559400
19472,548921
19472,444121
19472,444310
19472,386589
19472,407350
19472,407351
19478,456146
19478,352434
19478,320808
19478,334933
19506,491942
19506,491941
19506,455235
19506,455232
19506,455233
19506,455230
19506,455231
19506,428424
19506,428425
19506,428427
19506,428426
19506,418032
19506,418321
19506,418320
19506,418031
19506,455234
19506,389443
19506,418034
19506,349198
19506,331227
19506,418033
19506,418343
19506,418340
19506,418339
19506,418338
19506,418341
19506,418337
19506,418342
19506,418336
19506,418335
19506,349197
19506,335880
19506,559455
19506,444345
19506,426739
19506,339965
19517,484203
19517,484202
19517,484200
19517,484201
19517,484199
19517,427144
19517,559536
19517,559553
19517,534470
19517,534438
19517,456162
19517,474953
19517,444062
19517,444061
19517,426726
19517,426596
19517,386677
19517,374445
19517,374419
19517,339909
19517,344323
19519,325562
19555,387479
19555,444316
19556,553352
19556,553342
19556,534539
19556,519536
19556,482128
19556,386619
19556,479855
19556,345458
19608,426381
19608,319258
19610,426602
19611,477351
19611,445706
19611,534551
19611,519666
19611,496333
19611,345487
19611,345493
19611,319312
19634,496542
19634,389577
19634,389576
19634,335853
19634,445166
19671,458232
19671,325405
19689,325551
19689,325554
19689,347817
19689,455415
19725,324305
19725,559491
19725,552726
19725,495664
19725,496418
19725,487713
19737,324918
19737,487699
19746,552559
19746,426736
19779,519310
19779,519311
19779,495889
19779,471189
19779,471192
19779,471193
19779,471187
19779,471188
19779,438686
19779,471191
19779,438688
19779,471190
19779,387273
19779,387274
19779,387271
19779,354258
19779,354257
19779,354259
19779,337235
19779,559392
19779,534642
19779,534632
19779,445256
19779,445223
19779,418211
19786,445320
19786,418269
19786,339940
19805,455471
19805,455474
19805,445690
19805,445329
19805,426479
19805,346923
19822,427689
19840,477332
19840,487589
19840,487588
19840,445767
19840,559497
19840,553288
19840,534455
19840,519785
19840,487712
19840,482508
19840,482509
19840,456228
19840,319278
19840,319115
19883,482187
19883,345489
19883,319282
19883,319317
19883,319223
19890,331848
19892,456469
19892,372698
19892,372699
19892,552712
19934,496450
19934,428616
19934,420880
19934,534482
19937,319301
20107,487710
20270,494151
20270,549307
20270,494106
20270,482156
20270,345405
20276,350269
20276,519543
20276,426474
20276,426364
20307,445120
20307,445114
20307,519647
20307,519658
20309,353013
20330,477342
20330,458942
20330,365128
20330,389865
20330,389846
20330,519670
20335,432815
20335,432814
20335,421583
20335,388049
20335,534433
20367,455989
20367,455991
20367,432570
20376,444180
20410,349073
20410,349078
20410,349072
20410,349079
20410,519639
20410,444054
20410,426305
20455,556334
20455,537328
20455,556335
20455,498752
20455,498751
20455,443781
20455,424925
20455,424926
20455,414905
20455,414906
20455,387037
20455,346889
20455,350178
20455,346888
20455,346890
20455,346891
20468,493604
20468,455637
20533,455610
20730,417915
20730,389448
20730,380321
20730,380320
20730,428460
20730,350478
20730,350480
20774,524032
20774,456952
20774,388191
20774,346986
20774,319954
20774,346987
20774,553287
20774,534426
20774,519625
20774,444218
20774,426609
20774,374451
20774,374467
20797,559398
20797,559387
20797,559386
20797,559492
20797,533296
20797,553283
20797,519621
20797,519624
20797,487703
20797,445210
20797,418251
20896,386972
20896,320513
20896,445782
20896,482450
20896,444206
20896,426456
20896,386675
20896,552424
20896,552425
20896,345479
21006,347024
21006,426730
21068,386552
21183,439219
21183,416703
21183,416707
21183,478597
21183,354210
21183,325101
21183,340010
21183,326475
21183,534448
21183,482487
21183,426743
21183,426737
21183,386580
21231,421152
21231,559537
21231,534640
21231,444201
21231,444380
21231,386661
21301,497056
21301,497050
21301,497052
21301,497049
21301,456389
21301,456388
21301,455977
21301,389736
21301,389735
21301,389733
21301,350401
21301,534432
21312,374451
21315,455471
21315,455470
21315,455474
21315,455473
21315,455469
21315,455472
21315,427224
21315,445690
21315,339967
21337,490876
21337,490875
21337,490877
21337,456580
21337,456579
21337,427767
21337,427765
21337,421185
21337,421184
21337,355237
21337,355238
21337,526027
21337,355236
21337,559448
21337,559483
21337,559529
21337,496305
21337,374384
21337,345415
21537,496717
21537,496714
21537,389679
21537,534497
21537,445362
21537,386620
21546,496220
21546,393407
21546,393406
21552,418301
21552,386592
21571,406569
21571,406589
21571,406567
21571,406560
21571,351902
21571,328198
21578,387653
21578,327248
21581,559427
21875,547427
21875,432816
21875,548105
21875,547899
21875,519834
21875,374461
21875,346908
22071,327276
22071,553344
22071,426365
22071,345456
22071,345433
22177,524021
22177,496736
22177,409020
22177,409022
22177,409026
22177,409029
22177,395820
22334,412699
22334,412371
22334,445734
22334,445723
22334,445722
22334,534430
22334,534431
22334,493246
22334,453673
22334,386555
22400,420444
22400,322476
22400,559388
22400,482493
22400,426611
22400,374443
22402,533520
22402,533446
22402,533445
22402,421570
22402,389766
22402,533444
22402,428396
22402,559462
22404,496737
22404,456842
22404,445687
22404,552724
22404,519631
22404,445305
22432,420937
22432,432905
22432,432904
22432,445782
22432,427728
22432,559476
22432,482457
22518,444309
22558,362929
22558,339929
22558,362927
22800,382414
22853,457762
22853,457761
22853,406223
22853,355079
22853,519584
22853,519582
22936,357139
22936,357135
22936,346969
22936,482185
22936,482184
22936,482160
22936,444205
22936,444192
23130,456442
23130,517982
23130,518020
23130,361574
23131,458942
23131,389865
23131,389846
23131,559440
23131,552898
23131,552858
23142,351327
23196,387831
23196,559527
23217,444522
23217,419399
23217,386582
23217,339945
23262,493705
23262,493703
23262,549162
23262,482629
23262,426459
23634,389813
23634,326393
23634,495568
23634,559480
23634,553345
23634,552889
23634,519630
23634,444361
23634,386614
24001,559472
24001,495656
24001,362955
24001,371202
24047,359439
24047,351811
24047,351808
24059,523172
24059,457409
24059,457408
24059,390018
24059,390019
24059,390016
24059,363033
24059,363035
24059,325443
24078,389267
24078,389270
24078,534473
24078,487673
24078,493096
24078,426361
24078,426477
24078,374432
24080,389232
24080,530290
24080,519809
24120,545203
24120,535656
24120,491536
24120,544887
24120,544888
24120,389256
24120,389254
24120,559425
24120,519804
24120,444428
24120,426388
24120,426384
24143,351912
24143,371584
24143,389798
24152,492553
24152,492556
24152,442048
24152,442047
24152,442046
24152,492561
24152,492563
24152,374471
24163,365233
24163,325546
24163,389204
24634,533447
24634,496731
24634,457536
24634,421561
24634,389896
24634,480506
24634,445687
24634,326393
24634,552707
24634,534429
24634,534449
24634,374397
24680,456037
24680,428321
24680,421514
24680,390568
24680,327872
24680,390621
24680,421515
24680,390603
24680,559542
24680,552545
24680,534499
24680,456153
24680,426386
24680,345435
24681,425804
24681,428718
24681,350761
24681,559418
24681,552547
24681,552708
24681,552552
24681,552924
24681,519832
24697,524230
24697,444316
24780,445189
24782,552723
24782,445220
24782,456144
24782,444111
24782,426488
24782,426487
24782,418214
24782,346914
24782,339883
24785,487719
24785,482440
24785,444428
24785,374390
24785,345414
24785,327804
24879,453759
24879,414045
24879,456792
24893,456868
24893,458942
24893,389865
24893,389846
24893,559449
24893,552898
24893,552858
24895,388834
24895,355169
24895,559406
24895,552556
24895,426353
24914,456475
24914,456472
24914,456477
24914,456473
24914,456478
24914,456493
24914,456489
24914,456487
24914,456526
24914,456481
24914,456522
24914,456491
24914,456490
24914,456497
24914,456479
24914,456485
24914,456513
24914,456523
24914,456480
24914,456488
24914,456494
24914,456486
24914,456474
24914,456482
24914,456484
24914,456496
24914,456495
24914,456528
24914,456531
24914,456525
24914,456527
24914,456524
24914,456502
24914,456501
24914,456504
24914,456519
24914,456503
24914,456520
24914,456498
24914,456509
24914,456506
24914,456518
24914,456517
24914,456499
24914,421392
24914,421394
24914,388482
24914,456530
24914,445741
24914,445751
24914,445752
24914,445759
24914,445757
24914,445769
24914,445771
24914,388617
24914,387582
24914,559411
24914,455738
25506,351025
25506,432562
25506,445786
25506,432943
25506,432944
25506,432942
25506,519570
25506,444394
25694,468791
25694,353182
25694,481847
25694,389290
25694,445803
25694,534469
25977,457749
25977,415552
25977,550017
25977,456792
25980,519842
26030,444003
26030,442903
26030,427724
26030,521443
26030,487591
26030,487590
26030,445720
26030,389870
26030,427731
26030,519564
26030,477373
26030,446061
26202,534651
26202,482620
26202,456133
26202,444133
27216,391030
27216,445248
27216,426312
34318,552698
34318,522334
34318,522333
34318,522332
34318,522331
34318,444166
34318,374424
35238,389092
35238,389091
35238,351530
35238,559412
35238,552550
35238,552897
35238,534580
35238,534547
35238,534463
35238,519805
35238,482665
35238,482673
35238,482670
35238,456152
35238,445275
35238,445207
35238,445205
35238,444114
35238,444296
35272,559457
35272,482709
35294,390312
35294,355961
35294,324305
35294,559499
35294,482514
35294,455947
35294,444183
35295,496556
35295,496617
35295,456534
35295,456536
35295,456537
35295,456538
35295,456539
35295,324306
35295,496419
35295,482630
35368,421567
35368,389827
35368,389825
35368,351853
35368,534450
35368,534462
35368,482523
35368,445251
35411,388897
35411,416636
35411,477567
35411,519667
35411,445252
35577,348581
35577,348575
35577,559523
35577,519566
35577,386688
35578,559407
35578,552880
35594,389393
35594,351511
35594,350667
35594,519663
35594,519664
35594,482492
35594,456004
35594,441417
35594,386562
35602,326547
35602,534459
35602,496540
35602,426745
35608,457425
35608,457426
35608,413888
35608,552880
35608,548882
35617,498353
35617,498352
35617,498351
35617,484755
35617,457609
35617,427317
35617,418463
35617,344293
35617,456229
35617,443919
35617,426731
35619,427633
35619,456161
35619,444304
35619,386597
35619,352074
35619,352073
35623,428327
35623,421520
35623,421523
35623,428568
35623,390192
35623,390195
35623,559528
35623,519635
35623,444124
35623,426366
35623,389414
35623,374431
35623,326848
35641,496838
35646,326949
35646,482670
35646,456152
35658,556344
35658,556345
35658,347446
35658,445116
35672,534631
35673,496639
35673,456390
35673,320906
35673,552710
35673,444339
35673,444211
35683,497062
35687,445736
35687,445735
35687,445760
35687,427280
35687,427278
35687,559534
35687,519567
35687,487706
35687,445297
35687,426628
35687,426595
35687,339905
35687,319284
35688,519212
35688,412371
35688,553385
35688,444181
35688,425566
35694,455445
35694,455488
35694,455440
35694,455443
35694,349850
35694,534582
35699,456478
35699,456493
35699,456489
35699,456487
35699,456526
35699,456481
35699,456522
35699,456491
35699,456490
35699,456497
35699,456475
35699,456479
35699,456485
35699,456477
35699,456513
35699,456523
35699,456480
35699,456488
35699,456494
35699,456486
35699,456474
35699,456482
35699,456484
35699,456496
35699,456495
35699,456528
35699,456531
35699,456525
35699,456527
35699,456524
35699,456472
35699,456473
35699,456502
35699,456501
35699,456504
35699,456519
35699,456503
35699,456520
35699,456498
35699,456509
35699,456506
35699,456518
35699,456517
35699,456499
35699,439372
35699,427491
35699,421390
35699,388468
35699,388467
35699,456530
35699,445751
35699,445757
35699,445759
35699,445769
35699,445771
35699,559411
35699,482461
35699,455738
35700,549202
35700,534442
35708,534554
35708,482311
35708,442031
35708,420753
35708,345457
35710,427754
35710,434321
35710,348844
35710,348843
35710,367035
35710,534559
35710,426363
35710,345494
35720,490943
35720,490989
35720,490890
35720,326492
35720,559385
35720,482454
35741,534490
35741,445363
35741,426466
35750,496192
35750,321039
35760,321939
35760,455631
35760,444158
35760,345453
35768,483915
35768,483913
35768,483914
35768,428360
35768,553068
35777,458387
35777,445802
35777,519561
35777,519560
35777,482447
35777,426604
35778,457191
35778,351919
35778,534563
35778,534564
35797,456102
35797,372559
35797,534564
35797,487707
35797,482313
35797,482315
35797,444228
35799,496623
35799,389795
35799,352914
35799,363449
35799,352921
35799,352917
35799,320403
35799,445153
35799,445290
35799,445263
35799,444318
35799,444223
35799,339903
35808,456863
35808,348249
35808,477561
35808,445736
35808,445735
35808,445739
35808,445738
35808,445760
35808,427280
35808,427278
35808,559475
35808,519568
35808,487706
35808,445297
35808,426628
35808,386558
35816,434862
35816,389078
35816,428093
35816,345473
35820,388950
35820,388988
35820,388989
35820,352191
35820,328164
35820,327616
35820,327617
35820,327630
35820,328163
35820,319954
35820,559393
35820,534426
35820,345486
35820,319311
35838,490891
35840,519794
35840,426618
35843,456578
35843,355237
35846,428590
35846,388208
35853,523232
35853,491540
35853,496596
35853,491541
35853,421387
35853,559452
35853,559564
35857,490872
35857,345399
35862,456131
35862,442201
35862,388108
35862,442202
35862,442203
35862,442204
35862,534647
35862,519828
35862,496292
35862,445208
35863,456002
35919,491925
35919,455223
35919,455222
35919,439246
35919,389429
35919,363749
35926,457418
35926,415064
35926,534606
35926,495653
35926,426630
35926,426607
35930,386553
35940,554867
35940,516996
35940,491974
35940,482465
35940,482464
35940,482463
35940,438443
35940,416108
35940,383738
35940,383736
35940,363607
35940,363036
35941,389370
35941,389519
35941,325638
35948,355096
35948,482348
35950,422574
35985,428567
35985,389104
35985,352025
35985,336331
35985,496425
35985,482666
35985,456139
35985,389103
36003,482369
36003,482348
36003,346912
36009,477168
36009,443758
36009,421382
36009,408433
36009,372863
36009,352925
36009,372864
36014,556724
36014,556723
36014,438929
36014,556722
36014,389836
36014,389838
36014,350947
36014,519584
36014,519582
36027,534354
36027,456848
36027,534560
36027,496328
36027,426616
36027,386470
36039,553067
36039,552572
36039,534500
36039,519640
36040,495467
36040,427260
36040,321117
36040,559467
36046,533537
36046,533556
36046,533557
36046,428309
36046,533558
36046,533560
36046,388229
36046,533561
36057,322628
36057,519813
36057,426759
36057,374469
36057,339955
36057,339892
36093,491535
36093,440415
36093,428303
36093,422371
36093,428304
36093,389274
36093,348447
36093,402553
36093,327483
36093,402548
36093,534458
36093,519807
36093,482676
36094,559429
36094,519808
36094,482674
36103,381075
36103,326397
36103,559394
36103,552548
36103,445214
36105,345859
36105,519586
36105,482206
36105,456147
36105,444314
36106,523373
36106,365472
36106,549357
36106,534580
36106,519808
36106,482674
36106,482671
36112,428584
36120,389663
36120,389661
36120,353190
36120,352246
36120,352212
36120,553382
36121,456450
36121,422584
36121,456451
36121,389501
36121,389505
36121,339636
36121,427974
36126,444836
36126,444835
36126,202446
36126,552445
36134,524097
36134,524096
36134,524094
36134,524095
36134,495387
36134,490964
36134,490965
36134,441104
36134,427869
36134,427852
36134,438974
36134,420619
36134,420617
36134,351215
36134,351217
36134,325426
36134,559463
36134,519542
36134,496278
36176,387633
36176,387632
36176,319954
36176,443029
36179,559459
36179,553059
36181,534605
36181,456155
36184,482340
36184,456163
36184,445292
36184,345475
36186,374783
36186,349259
36186,534540
36190,416157
36190,348322
36190,325417
36190,559844
36190,559909
36190,559910
36190,476968
36190,476967
36190,445734
36190,496310
36190,453827
36190,455948
36197,480506
36197,559479
36197,553340
36197,534488
36197,445301
36204,519787
36204,456161
36205,491125
36205,455997
36205,455998
36205,456000
36205,455999
36205,456001
36205,437181
36205,432573
36205,421564
36205,421565
36205,387597
36205,387602
36205,321160
36205,355212
36205,559430
36205,534479
36212,559438
36212,374257
36236,389319
36236,389318
36236,320917
36236,389667
36236,426367
36236,418263
36236,386587
36236,386691
36236,386590
36236,347641
36236,347642
36236,320984
36236,339890
36236,320997
36236,320986
36239,491982
36239,491983
36239,455712
36239,491985
36239,455705
36239,455715
36239,455717
36239,428507
36239,428508
36239,428505
36239,389610
36239,389611
36239,389609
36239,347881
36239,389608
36239,347883
36239,324834
36239,523163
36239,523164
36239,523165
36239,523166
36239,523167
36239,523168
36239,523169
36239,523159
36239,523161
36239,523160
36239,523162
36239,335721
36239,552560
36239,534561
36245,550288
36245,457659
36245,421403
36245,389241
36245,389240
36245,351632
36245,351628
36256,490482
36256,477332
36256,487589
36256,487588
36256,553288
36256,519785
36256,482508
36256,482509
36256,445177
36272,523709
36272,437143
36272,429300
36272,388005
36272,323712
36272,553357
36272,534544
36272,487676
36272,482377
36272,445171
36272,426744
36272,374248
36272,386531
36286,548205
36286,384867
36286,407336
36287,493090
36287,493088
36287,493087
36287,493089
36287,391688
36287,352804
36288,534506
36288,455582
36288,455581
36288,559531
36288,534412
36288,534582
36288,445231
36290,389669
36290,359110
36290,351648
36290,351651
36290,359111
36290,323663
36290,326397
36303,348017
36303,349078
36303,348016
36303,327876
36303,349079
36303,389438
36303,519648
36309,427224
36309,455472
36309,350255
36309,477336
36309,444182
36326,324139
36326,324305
36326,519790
36326,445309
36327,559456
36327,519633
36327,426627
36339,440940
36339,441016
36339,389897
36339,335518
36339,445686
36339,323910
36339,552714
36343,428604
36343,428606
36343,482678
36343,445207
36372,497815
36372,498089
36372,456732
36372,456733
36372,456734
36372,534562
36372,482622
36372,386617
36380,357569
36380,357568
36380,553052
36380,487714
36380,445271
36380,444215
36380,444165
36398,516975
36398,445267
36978,559441
37147,390428
37147,390429
37147,390502
37173,421615
37173,388498
37173,352872
37173,352876
37197,487538
37197,445783
37250,457319
37250,428561
37250,438997
37250,327290
37267,388002
37267,357161
37314,496611
37314,496610
37314,496617
37314,496612
37314,456544
37314,456543
37314,456542
37314,456534
37314,456536
37314,456599
37314,456541
37314,456540
37314,456537
37314,456538
37314,456539
37314,456598
37314,438150
37314,438153
37314,456596
37314,421488
37314,421489
37314,364063
37314,361586
37314,496615
37314,496614
37314,496613
37314,534578
37314,482630
37314,444161
37352,496637
37352,498046
37352,496635
37352,428266
37352,421727
37352,439296
37352,439297
37352,439298
37394,523766
37401,428621
37401,428622
37401,552549
37401,534599
37415,323531
37415,386551
37437,455850
37437,429108
37437,387511
37437,349008
37437,487719
37455,443663
37455,438576
37455,374210
37455,374209
37455,416703
37455,354210
37455,340010
37455,534529
37469,490482
37469,392414
37469,534455
37469,487712
37469,371714
37471,498306
37471,493096
37481,389639
37481,534534
37481,534474
37481,445310
37481,445302
37481,456141
37481,445317
37481,445304
37481,426365
37482,428399
37482,421562
37482,328221
37503,445785
37503,426370
37512,552574
37512,553062
37537,534006
37537,456585
37540,456398
37540,456397
37540,456399
37540,428833
37594,528749
37594,412633
37594,387005
37594,387003
37620,389532
37620,389529
37620,482207
37715,496342
37715,455966
37718,533834
37718,533831
37718,517331
37718,533836
37718,519626
37718,453558
37718,444192
37778,487589
37778,487588
37839,492918
37839,492915
37839,481399
37839,455109
37839,455108
37839,455107
37839,455105
37839,455106
37839,534605
37839,445329
37839,426479
37870,456533
37870,456532
37870,495664
37900,496702
37900,389238
37900,417786
37900,559451
37900,553068
37900,534469
37900,519811
37900,519796
37900,519810
37900,519802
37900,445183
37900,445150
37900,444344
37935,496039
37935,496058
37935,496037
37935,455680
37935,455678
37935,455679
37935,428411
37935,439243
37935,389442
37935,389440
37935,335989
37935,519574
37935,426309
37941,524232
37941,389228
37944,418996
37944,418997
37944,374726
37944,374725
37944,349574
37944,344306
37960,560579
37960,491229
37960,388582
37960,482502
37960,482501
37961,495968
37961,442032
37961,420738
37961,442033
37961,552883
37961,482314
37961,442031
37961,386546
37971,457418
37971,477827
37986,389047
37986,348765
37986,324029
38000,481882
38000,481881
38000,428563
38000,428565
38000,387234
38000,387233
38000,417103
38037,490428
38037,455224
38037,419107
38037,351046
38037,420372
38049,428097
38049,559569
38049,553286
38049,487667
38068,456812
38068,456811
38068,477340
38068,445688
38068,427573
38068,559513
38068,559442
38068,559515
38068,552704
38068,496326
38068,482484
38082,491315
38082,388072
38082,559563
38082,482316
38082,442753
38091,530470
38091,530268
38091,532702
38091,530267
38091,530269
38091,482507
38106,497736
38106,440757
38106,351511
38106,445243
38106,552573
38106,345493
38124,484468
38124,484469
38124,484525
38124,484470
38124,519810
38174,455288
38174,429066
38222,351982
38222,351981
38222,338118
38222,553350
38222,519817
38279,458940
38279,445112
38279,440641
38279,426733
38279,350686
38283,498050
38283,494411
38283,389086
38283,389088
38283,426090
38283,550022
38283,552717
38283,534471
38283,482259
38283,444340
38283,418301
38373,495581
38373,427204
38373,427210
38373,427205
38373,427206
38373,420854
38373,420866
38373,387312
38373,347431
38378,456297
38378,350488
38378,350487
38378,334943
38382,407005
38382,406996
38411,524018
38411,496593
38411,428588
38411,421401
38411,421400
38417,548923
38417,420820
38417,365905
38417,365537
38417,559537
38417,552923
38417,482483
38430,406071
38441,456866
38441,421264
38441,388907
38441,445111
38441,445740
38441,445739
38441,445738
38441,427298
38441,416101
38441,416099
38441,416100
38441,519567
38444,455409
38444,421234
38444,388373
38451,517874
38451,445600
38451,440361
38451,439427
38451,414802
38451,383948
38451,356858
38461,534385
38461,406075
38461,416703
38461,354210
38461,553060
38461,534553
38461,445300
38715,457540
38715,440936
39135,534533
39135,519634
39135,445299
39135,426735
39135,386527
39135,533671
39621,458269
39621,458267
39621,445113
39679,557259
39679,490413
39679,490410
39679,445789
40164,496817
40164,456462
40164,355170
40172,372835
40172,372836
40172,487538
40176,534598
40176,519844
40176,445327
40205,490009
40205,456463
40205,456466
40205,427885
40205,490011
40280,388589
40280,353063
40280,546995
40286,457591
40286,559463
40286,559465
40286,534554
40286,534443
40286,519542
40286,496278
40286,455395
40286,457203
40307,522976
40307,382279
40307,528612
40307,351551
40320,381345
40320,381343
40320,381342
40368,387725
40369,386904
40369,386903
40369,443822
40403,534552
40403,482373
40403,456031
40403,444389
40418,555240
40418,496994
40425,546966
40425,388995
40425,445760
40427,444508
40427,428391
40427,559556
40427,381754
40427,352557
40489,392885
40537,422484
40542,556706
40542,421399
40542,556707
40542,421398
40542,389234
40542,389236
40542,389237
40542,556771
40542,556773
40542,556772
40542,552897
40542,534599
40550,491534
40550,428298
40550,482676
40601,457667
40601,389278
40601,552549
40601,534546
40629,555101
40629,555107
40629,555104
40629,555105
40629,555102
40629,481042
40629,555103
40629,453347
40629,453345
40629,453348
40629,453346
40629,385961
40629,385962
40629,350973
40665,525748
40665,525745
40665,525749
40665,525746
40665,525750
40665,525751
40665,421861
40681,524019
40681,491538
40681,491539
40698,428570
40698,421385
40698,443366
40698,389293
40789,530648
40789,530649
40789,530650
40789,530651
40789,530647
40789,530915
40789,530935
40832,389675
40832,547835
40897,428361
40897,389238
40897,547099
40936,523156
40936,455167
40936,420326
40936,386859
40936,386857
40936,352809
40960,534486
40975,560630
40975,550699
40975,550700
40978,559478
41035,496732
41035,438981
41035,416972
41035,549162
41103,550247
41129,421338
41129,422349
41129,422365
41129,457507
41129,428258
41129,428259
41129,559525
41129,559469
41129,559532
41129,534530
41129,519840
41129,519835
41129,478599
41129,424280
41129,389242
41129,386526
41129,352933
41129,408911
41146,390119
41146,487708
41146,482370
41147,418379
41147,382201
41147,382200
41147,534563
41156,524078
41156,477332
41156,487589
41156,487588
41280,457507
41280,477339
41280,421339
41280,559909
41280,559910
41280,559844
41280,476967
41280,476968
41280,477564
41280,559572
41280,559493
41280,553384
41280,534489
41280,495646
41280,455942
41280,444203
41280,444396
41280,408910
41280,408911
41280,352933
41282,427928
41282,445788
41282,414602
41282,414686
41282,487540
41282,559521
41282,552711
41282,553380
41282,482136
41282,482135
41283,529549
41283,434061
41283,416535
41283,394308
41283,458940
41283,482618
41305,490672
41305,428078
41305,388219
41305,388217
41305,372997
41317,388067
41317,388068
41318,548290
41318,517557
41318,446169
41318,446168
41318,446167
41318,446166
41318,548297
41327,559533
41327,534532
41327,389083
41341,455456
41341,522792
41341,495451
41341,477336
41341,552893
41353,557525
41353,516582
41353,427579
41353,421046
41358,498219
41358,491923
41360,482384
41360,482385
41360,482386
41360,455193
41360,443838
41360,443837
41360,453543
41360,455189
41360,455191
41360,428378
41360,428380
41360,428379
41360,380394
41360,389382
41360,426215
41360,417833
41360,380393
41360,389381
41360,380975
41360,417834
41360,380976
41360,426214
41360,380392
41360,426213
41360,519574
41390,498014
41390,459795
41390,418737
41390,477338
41390,477561
41390,445736
41390,445735
41473,383770
41509,477340
41509,445688
41509,559518
41509,552561
41509,519781
41509,496317
41528,444129
41528,428982
41528,428981
41528,495429
41528,428975
41528,428974
41528,479633
41528,559404
41530,490878
41530,420162
41531,491292
41531,428979
41531,495429
41531,479633
41648,496820
41693,490692
41693,455864
41693,455863
41693,534459
41699,546711
41699,421361
41700,496729
41700,496727
41700,438983
41700,549162
41733,524020
41733,491542
41733,428582
41733,421384
41734,520102
41734,455697
41734,429308
41764,523408
41764,480628
41764,523407
41764,523406
41764,523405
41764,523404
41764,534465
41766,374810
41772,455845
41772,552568
41772,495649
41772,482129
41772,482130
41772,482131
41778,514514
41778,456860
41778,421265
41778,445111
41778,445740
41778,445739
41778,445738
41778,427298
41778,416099
41778,416101
41817,457747
41817,389255
41817,406203
41828,477339
41828,559844
41828,559909
41828,559910
41828,476967
41828,476968
41828,477564
41828,553384
41828,495646
41856,389022
41856,373089
41856,373130
41856,559539
41856,559571
41856,534581
41856,519837
41932,526043
41932,526044
41932,526042
41932,559533
41932,534532
41933,457328
41933,457406
41933,428270
41933,428257
41933,427924
41933,421341
41933,389030
41933,534772
41933,495431
41933,445058
41933,477324
41933,445704
41933,445698
41933,559567
41933,534530
41933,386526
41960,481546
41960,559453
41960,482253
41963,457742
41963,389249
41964,481604
41964,481609
41964,481608
41964,559465
41964,534443
41965,498034
41965,438750
41965,426389
41965,442319
41965,422478
41965,384297
41966,388855
41967,421471
41976,523205
41976,389075
41976,389084
42015,421369
42031,496551
42031,496617
42031,496547
42031,456599
42031,456534
42031,456536
42031,456598
42031,456537
42031,456538
42031,456539
42031,456596
42031,456588
42035,389709
42035,389707
42035,389706
42035,523170
42035,553353
42059,557227
42059,529584
42059,456813
42099,421935
42131,457306
42131,427477
42297,556863
42297,556861
42297,414170
42297,556869
42425,498053
42439,456230
42439,428330
42439,421521
42439,389734
42439,559470
42439,559464
42439,519659
42439,482713
42467,417027
42467,426803
42467,417028
42488,495814
42488,432787
42488,421578
42488,421579
42488,421577
42581,445705
42581,534475
42667,556932
42707,550084
42711,428333
42711,380356
42711,519662
42711,519649
42711,519659
42711,380863
42745,438675
42807,534480
42807,491266
42807,487669
42807,455402
42807,455427
42807,491270
42807,491271
42815,428266
42815,421727
42815,552720
42815,519535
42815,519531
42815,496273
42815,487674
42815,482252
42815,455390
42815,444353
42815,426472
42816,458948
42821,458244
42821,458245
42821,559498
42845,557445
42845,557443
42845,497722
42845,453690
42845,427223
42890,519826
42904,390027
42914,496594
42914,508684
42914,456857
42914,428375
42914,415151
42914,415152
42914,415153
42959,517684
42999,457543
42999,457545
43097,485120
43097,457573
43106,496840
43106,521297
43106,477561
43106,445736
43106,445735
43106,559475
43150,523926
43150,487589
43150,487588
43154,523734
43154,455289
43166,479758
43190,523230
43190,456448
43190,428299
43254,525949
43254,496603
43254,519836
43254,487715
43263,456222
43263,416910
43263,416907
43263,559512
43263,552914
43263,519841
43263,482132
43306,493743
43306,496601
43306,493744
43306,427059
43306,493745
43306,496608
43306,559557
43306,482134
43306,482133
43314,456356
43314,456473
43314,456472
43314,456478
43314,456493
43314,456489
43314,456487
43314,456526
43314,456481
43314,456522
43314,456491
43314,456490
43314,456497
43314,456475
43314,456479
43314,456485
43314,456477
43314,456513
43314,456523
43314,456480
43314,456488
43314,456494
43314,456486
43314,456474
43314,456482
43314,456484
43314,456496
43314,456495
43314,456528
43314,456531
43314,456525
43314,456527
43314,456524
43314,456502
43314,456504
43314,456519
43314,456503
43314,456520
43314,456498
43314,456509
43314,456506
43314,456518
43314,456517
43314,456501
43314,456499
43314,456530
43314,552706
43314,482481
43314,444402
43322,419349
43322,482716
43352,456220
43352,416913
43352,416909
43352,559512
43352,552914
43352,519841
43352,482132
43368,427075
43368,525995
43368,525989
43368,525997
43368,457315
43368,457316
43368,457318
43368,559557
43368,534537
43368,519836
43368,487715
43368,482134
43368,482133
43373,494646
43373,445687
43379,456226
43379,456227
43379,456225
43379,524551
43394,455097
43421,458940
43454,426571
43454,416919
43454,416920
43455,523233
43455,496589
43455,428357
43486,530753
43486,530754
43560,418495
43560,418498
43560,559571
43560,534581
43560,519838
43560,519837
43584,534435
43584,534579
43584,519839
43616,519791
43621,550250
43621,491543
43641,457746
43652,559555
43683,525948
43683,534807
43683,534806
43735,477754
43735,559532
43735,553284
43745,523171
43745,498073
43745,498074
43745,498072
43745,498075
43745,456622
43745,456563
43745,456564
43745,456565
43745,456562
43745,456630
43745,456626
43745,456628
43745,456632
43745,456633
43745,456561
43745,456625
43745,456623
43745,456629
43759,498344
43759,498334
43759,498330
43759,498329
43759,498336
43759,498328
43759,498335
43759,498325
43759,498326
43759,498338
43759,498337
43759,519533
43796,517038
43796,508650
43866,520305
43899,457416
43899,559472
43992,559507
44014,496190
44014,553280
44023,553595
44056,496575
44095,497191
44095,497190
44095,445703
44095,445702
44095,455781
44095,559847
44095,559911
44095,534803
44095,480632
44095,458965
44095,559565
44095,559496
44177,559541
44215,494279
44226,559530
44260,496841
44312,498052
44312,498051
44384,549498
44438,525980
44446,522241
44500,491544
44554,523735
44624,552718
44744,559493
44786,496987
45035,559477
45096,526562
45096,516163
45096,521329
45104,525946
45201,529880
45201,496739
45224,559670
45451,524108
45451,524109
45532,556931
45532,552724
45532,534429
45560,560568
45647,496802
45647,496805
45647,559538
45657,496561
45657,491190
45657,491191
45721,558618
45721,495451
46015,554290
46015,554289
46276,557113
46420,552762
46421,559570
46426,523419
46432,553563
46482,552780
46497,560667
46497,558973
46572,495565
46572,495564
46906,524004
46906,524005
46906,524006
46906,524010
46967,556844
46967,556842
46967,556846
47131,552017
47265,537849
47267,557548
47294,556245
47369,528705
47489,534391
47612,553913
47612,529854
47612,529857
47612,553912
47673,535828
47860,557199
47964,531193
48236,523228
48236,350360
48236,444354
48244,550496
48244,550495
49050,557856
49050,557854
49050,557855
49050,557857
49050,557858
